Speaker,File,Word,Consonant,VOT
ferfulice_1,20325,buto,b,-0.047222642710249008
ferfulice_1,25000,bueno,b,-0.05111552254279686
ferfulice_1,20512,baba,b,-0.030017673258429411
ferfulice_1,20325,pato,p,0.011549868546361169
ferfulice_1,20325,peces,p,0.022397957002393998
ferfulice_1,20325,pipi,p,0.016138803389341858
ferfulice_1,20325,dos,d,0.0063798860588723111
ferfulice_1,20325,dormir,d,-0.037113381394843548
ferfulice_1,20512,de,d,0.033511674728087401,sus
ferfulice_1,20325,tienda,t,0.02346928267504178
ferfulice_1,20325,toma,t,0.038448693668234613
ferfulice_1,20512,todo,t,0.02214809473066226
ferfulice_1,TODO,TODO,g
ferfulice_1,TODO,TODO,g
ferfulice_1,TODO,TODO,g
ferfulice_1,20325,conmito,k,0.083153182715299812
ferfulice_1,20325,con,k,0.031155282711122528
ferfulice_1,20325,casa,k,0.034487040477336403
ferfulice_2,25000,bolsa,b,0.060750100237401988,sus
ferfulice_2,21119,barrio,b,-0.011883795180391898
ferfulice_2,21119,bien,b,-0.015708632058408702
ferfulice_2,20325,papu,p,0.01337309673214726
ferfulice_2,20325,peces,p,0.0093081365445251141
ferfulice_2,20409,pato,p,0.009599375907191815
ferfulice_2,20512,dos,d,-0.013264969283801387
ferfulice_2,20512,donde,d,-0.0099704051492258694
ferfulice_2,21105,de,d,-0.055191052069385071
ferfulice_2,20325,toma,t,0.02074885405582616
ferfulice_2,21119,todos,t,0.016499081583122632
ferfulice_2,21119,tejas,t,0.021759287836275454
ferfulice_2,20325,gato,g,0.017585526284270458
ferfulice_2,25000,gorro,g,0.047001499816154549
ferfulice_2,25000,gafas,g,0.087774640398661896
ferfulice_2,20325,cana,k,0.081643079380257277
ferfulice_2,20325,corren,k,-0.018660981863296511,sus
ferfulice_2,20325,cantan,k,0.022168247889575297
deuchar,20025,bolas,b
deuchar,20025,ballena,b
deuchar,20602,,b
deuchar,20025,piedras,p
deuchar,20025,para,p
deuchar,20025,papel,p
deuchar,20025,donde,d
deuchar,20602,dinero,d
deuchar,20602,dos,d
deuchar,20025,tortuga,t
deuchar,20025,tomate,t
deuchar,20505,tienes,t
deuchar,20025,gato,g
deuchar,,,g
deuchar,,,g
deuchar,20025,quita,k
deuchar,20025,cama,k
deuchar,20025,carta,k
